Title,Link
Comptable fournisseur  H/F,https://www.lejobadequat.com/emplois/261068-comptable-fournisseur-f-h-fr
Poissonnier  H/F,https://www.lejobadequat.com/emplois/261067-poissonnier-h-f-fr
Menuisier poseur  H/F,https://www.lejobadequat.com/emplois/261066-menuisier-poseur-f-h-fr
Assistant achats   H/F,https://www.lejobadequat.com/emplois/261065-assistant-achats-f-h-fr
Electricien  H/F,https://www.lejobadequat.com/emplois/261064-electricien-f-h-fr
Assistant dentaire  H/F,https://www.lejobadequat.com/emplois/261063-assistant-dentaire-f-h-fr
Coffreur/bancheur  H/F,https://www.lejobadequat.com/emplois/261062-coffreur-bancheur-f-h-fr
Maçon traditionnel n3p1/ n3p2  H/F,https://www.lejobadequat.com/emplois/261061-macon-traditionnel-n3p1-n3p2-f-h-fr
Conseiller vente rayon &#8211; quincaillerie  H/F,https://www.lejobadequat.com/emplois/261060-conseiller-vente-rayon-quincaillerie-f-h-fr
Opérateur de fabrication  H/F,https://www.lejobadequat.com/emplois/261059-operateur-de-fabrication-f-h-fr
Préparateur de commandes (CACES 1)  H/F,https://www.lejobadequat.com/emplois/261058-preparateur-de-commandes-caces-1-h-f-fr
Porteur funéraire  H/F,https://www.lejobadequat.com/emplois/261057-porteur-funeraire-f-h-fr
